{
  "controller/App.controller.js.map": 1737548411507,
  "manifest.json": 1737548411372,
  "controller/Main.controller.js": 1737548339961,
  "controller/App.controller.js": 1737539302980,
  "model/models.js": 1737539302980,
  "Component.js": 1737539302972,
  "model/models-dbg.js": 1737539302980,
  "model/models.js.map": 1737548411507,
  "controller/App-dbg.controller.js": 1737539302980,
  "i18n/i18n.properties": 1737539303832,
  "controller/Main-dbg.controller.js": 1737548339961,
  "controller/Main.controller.js.map": 1737548411567,
  "Component-dbg.js": 1737539302972,
  "Component.js.map": 1737548411508,
  "Component-preload.js": 1737548411643,
  "Component-preload.js.map": 1737548411643,
  "view/Main.view.xml": 1737540581463,
  "view/App.view.xml": 1737539302984,
  "fragments/edit.fragment.xml": 1737548352149,
  "fragments/create.fragment.xml": 1737542913720,
  "css/style.css": 1737539302984,
  "index.html": 1737539302976
}